"Date";"D0";"D1";"Value"
"1969-12";"M1";"USD1";
"1970-01";"M1";"USD1";"4.3051"
"1970-02";"M1";"USD1";"4.3035"
"1970-03";"M1";"USD1";"4.309"
"1970-04";"M1";"USD1";"4.3016"
"1970-05";"M1";"USD1";"4.3232"
"1970-06";"M1";"USD1";"4.3169"
"1970-07";"M1";"USD1";"4.3037"
"1970-08";"M1";"USD1";"4.3025"
"1970-09";"M1";"USD1";"4.327"
"1970-10";"M1";"USD1";"4.3345"
"1970-11";"M1";"USD1";"4.3116"
"1970-12";"M1";"USD1";"4.3162"
"1971-01";"M1";"USD1";"4.2969"
"1971-02";"M1";"USD1";"4.3065"
"1971-03";"M1";"USD1";"4.295"
"1971-04";"M1";"USD1";"4.295"
"1971-05";"M1";"USD1";"4.099"
"1971-06";"M1";"USD1";"4.0972"
"1971-07";"M1";"USD1";"4.0866"
"1971-08";"M1";"USD1";"3.9825"
"1971-09";"M1";"USD1";"3.95"
"1971-10";"M1";"USD1";"3.989"
"1971-11";"M1";"USD1";"3.9522"
"1971-12";"M1";"USD1";"3.915"
"1972-01";"M1";"USD1";"3.872"
"1972-02";"M1";"USD1";"3.8695"
"1972-03";"M1";"USD1";"3.84"
"1972-04";"M1";"USD1";"3.8615"
"1972-05";"M1";"USD1";"3.844"
"1972-06";"M1";"USD1";
"1972-07";"M1";"USD1";"3.7732"
"1972-08";"M1";"USD1";"3.7787"
"1972-09";"M1";"USD1";"3.801"
"1972-10";"M1";"USD1";"3.797"
"1972-11";"M1";"USD1";"3.7755"
"1972-12";"M1";"USD1";"3.774"
"1973-01";"M1";"USD1";"3.6225"
"1973-02";"M1";"USD1";"3.12"
"1973-03";"M1";"USD1";"3.237"
"1973-04";"M1";"USD1";"3.24"
"1973-05";"M1";"USD1";"3.096"
"1973-06";"M1";"USD1";"2.96"
"1973-07";"M1";"USD1";"2.866"
"1973-08";"M1";"USD1";"3.029"
"1973-09";"M1";"USD1";"3.022"
"1973-10";"M1";"USD1";"3.097"
"1973-11";"M1";"USD1";"3.2015"
"1973-12";"M1";"USD1";"3.2435"
"1974-01";"M1";"USD1";"3.289"
"1974-02";"M1";"USD1";"3.122"
"1974-03";"M1";"USD1";"3"
"1974-04";"M1";"USD1";"2.915"
"1974-05";"M1";"USD1";"2.976"
"1974-06";"M1";"USD1";"2.9975"
"1974-07";"M1";"USD1";"2.9748"
"1974-08";"M1";"USD1";"3.008"
"1974-09";"M1";"USD1";"2.946"
"1974-10";"M1";"USD1";"2.8695"
"1974-11";"M1";"USD1";"2.716"
"1974-12";"M1";"USD1";"2.54"
"1975-01";"M1";"USD1";"2.497"
"1975-02";"M1";"USD1";"2.3945"
"1975-03";"M1";"USD1";"2.528"
"1975-04";"M1";"USD1";"2.5525"
"1975-05";"M1";"USD1";"2.51"
"1975-06";"M1";"USD1";"2.5055"
"1975-07";"M1";"USD1";"2.7135"
"1975-08";"M1";"USD1";"2.6822"
"1975-09";"M1";"USD1";"2.7475"
"1975-10";"M1";"USD1";"2.624"
"1975-11";"M1";"USD1";"2.6785"
"1975-12";"M1";"USD1";"2.62"
"1976-01";"M1";"USD1";"2.6"
"1976-02";"M1";"USD1";"2.562"
"1976-03";"M1";"USD1";"2.5342"
"1976-04";"M1";"USD1";"2.5127"
"1976-05";"M1";"USD1";"2.4365"
"1976-06";"M1";"USD1";"2.473"
"1976-07";"M1";"USD1";"2.4795"
"1976-08";"M1";"USD1";"2.477"
"1976-09";"M1";"USD1";"2.4542"
"1976-10";"M1";"USD1";"2.436"
"1976-11";"M1";"USD1";"2.443"
"1976-12";"M1";"USD1";"2.449"
"1977-01";"M1";"USD1";"2.5168"
"1977-02";"M1";"USD1";"2.5525"
"1977-03";"M1";"USD1";"2.5418"
"1977-04";"M1";"USD1";"2.5238"
"1977-05";"M1";"USD1";"2.5047"
"1977-06";"M1";"USD1";"2.4613"
"1977-07";"M1";"USD1";"2.4"
"1977-08";"M1";"USD1";"2.393"
"1977-09";"M1";"USD1";"2.3383"
"1977-10";"M1";"USD1";"2.232"
"1977-11";"M1";"USD1";"2.16"
"1977-12";"M1";"USD1";"2"
"1978-01";"M1";"USD1";"1.981"
"1978-02";"M1";"USD1";"1.873"
"1978-03";"M1";"USD1";"1.8685"
"1978-04";"M1";"USD1";"1.933"
"1978-05";"M1";"USD1";"1.9065"
"1978-06";"M1";"USD1";"1.8583"
"1978-07";"M1";"USD1";"1.742"
"1978-08";"M1";"USD1";"1.646"
"1978-09";"M1";"USD1";"1.543"
"1978-10";"M1";"USD1";"1.4735"
"1978-11";"M1";"USD1";"1.72"
"1978-12";"M1";"USD1";"1.62"
"1979-01";"M1";"USD1";"1.6865"
"1979-02";"M1";"USD1";"1.6665"
"1979-03";"M1";"USD1";"1.691"
"1979-04";"M1";"USD1";"1.723"
"1979-05";"M1";"USD1";"1.7225"
"1979-06";"M1";"USD1";"1.6612"
"1979-07";"M1";"USD1";"1.6637"
"1979-08";"M1";"USD1";"1.656"
"1979-09";"M1";"USD1";"1.5335"
"1979-10";"M1";"USD1";"1.6605"
"1979-11";"M1";"USD1";"1.614"
"1979-12";"M1";"USD1";"1.58"
"1980-01";"M1";"USD1";"1.6255"
"1980-02";"M1";"USD1";"1.6875"
"1980-03";"M1";"USD1";"1.832"
"1980-04";"M1";"USD1";"1.668"
"1980-05";"M1";"USD1";"1.6615"
"1980-06";"M1";"USD1";"1.6215"
"1980-07";"M1";"USD1";"1.65"
"1980-08";"M1";"USD1";"1.649"
"1980-09";"M1";"USD1";"1.6485"
"1980-10";"M1";"USD1";"1.7208"
"1980-11";"M1";"USD1";"1.7372"
"1980-12";"M1";"USD1";"1.761"
"1981-01";"M1";"USD1";"1.91"
"1981-02";"M1";"USD1";"1.9675"
"1981-03";"M1";"USD1";"1.9125"
"1981-04";"M1";"USD1";"2.0247"
"1981-05";"M1";"USD1";"2.065"
"1981-06";"M1";"USD1";"2.0298"
"1981-07";"M1";"USD1";"2.1305"
"1981-08";"M1";"USD1";"2.122"
"1981-09";"M1";"USD1";"1.977"
"1981-10";"M1";"USD1";"1.846"
"1981-11";"M1";"USD1";"1.7675"
"1981-12";"M1";"USD1";"1.796"
"1982-01";"M1";"USD1";"1.84"
"1982-02";"M1";"USD1";"1.8875"
"1982-03";"M1";"USD1";"1.941"
"1982-04";"M1";"USD1";"1.954"
"1982-05";"M1";"USD1";"1.994"
"1982-06";"M1";"USD1";"2.1015"
"1982-07";"M1";"USD1";"2.0925"
"1982-08";"M1";"USD1";"2.1325"
"1982-09";"M1";"USD1";"2.1685"
"1982-10";"M1";"USD1";"2.2063"
"1982-11";"M1";"USD1";"2.1405"
"1982-12";"M1";"USD1";"1.993"
"1983-01";"M1";"USD1";"2.002"
"1983-02";"M1";"USD1";"2.0412"
"1983-03";"M1";"USD1";"2.082"
"1983-04";"M1";"USD1";"2.0602"
"1983-05";"M1";"USD1";"2.092"
"1983-06";"M1";"USD1";"2.103"
"1983-07";"M1";"USD1";"2.1257"
"1983-08";"M1";"USD1";"2.194"
"1983-09";"M1";"USD1";"2.1275"
"1983-10";"M1";"USD1";"2.1377"
"1983-11";"M1";"USD1";"2.1698"
"1983-12";"M1";"USD1";"2.175"
"1984-01";"M1";"USD1";"2.2433"
"1984-02";"M1";"USD1";"2.1648"
"1984-03";"M1";"USD1";"2.1525"
"1984-04";"M1";"USD1";"2.2417"
"1984-05";"M1";"USD1";"2.259"
"1984-06";"M1";"USD1";"2.3295"
"1984-07";"M1";"USD1";"2.4618"
"1984-08";"M1";"USD1";"2.4037"
"1984-09";"M1";"USD1";"2.497"
"1984-10";"M1";"USD1";"2.4895"
"1984-11";"M1";"USD1";"2.5438"
"1984-12";"M1";"USD1";"2.597"
"1985-01";"M1";"USD1";"2.6775"
"1985-02";"M1";"USD1";"2.823"
"1985-03";"M1";"USD1";"2.589"
"1985-04";"M1";"USD1";"2.58"
"1985-05";"M1";"USD1";"2.6075"
"1985-06";"M1";"USD1";"2.553"
"1985-07";"M1";"USD1";"2.2835"
"1985-08";"M1";"USD1";"2.282"
"1985-09";"M1";"USD1";"2.1815"
"1985-10";"M1";"USD1";"2.146"
"1985-11";"M1";"USD1";"2.081"
"1985-12";"M1";"USD1";"2.072"
"1986-01";"M1";"USD1";"2.0185"
"1986-02";"M1";"USD1";"1.8755"
"1986-03";"M1";"USD1";"1.9445"
"1986-04";"M1";"USD1";"1.8265"
"1986-05";"M1";"USD1";"1.917"
"1986-06";"M1";"USD1";"1.7922"
"1986-07";"M1";"USD1";"1.6865"
"1986-08";"M1";"USD1";"1.6565"
"1986-09";"M1";"USD1";"1.639"
"1986-10";"M1";"USD1";"1.7142"
"1986-11";"M1";"USD1";"1.6475"
"1986-12";"M1";"USD1";"1.623"
"1987-01";"M1";"USD1";"1.505"
"1987-02";"M1";"USD1";"1.5365"
"1987-03";"M1";"USD1";"1.5045"
"1987-04";"M1";"USD1";"1.4625"
"1987-05";"M1";"USD1";"1.5135"
"1987-06";"M1";"USD1";"1.5195"
"1987-07";"M1";"USD1";"1.5355"
"1987-08";"M1";"USD1";"1.4945"
"1987-09";"M1";"USD1";"1.527"
"1987-10";"M1";"USD1";"1.4385"
"1987-11";"M1";"USD1";"1.3431"
"1987-12";"M1";"USD1";"1.2775"
"1988-01";"M1";"USD1";"1.3625"
"1988-02";"M1";"USD1";"1.3883"
"1988-03";"M1";"USD1";"1.3692"
"1988-04";"M1";"USD1";"1.3862"
"1988-05";"M1";"USD1";"1.4397"
"1988-06";"M1";"USD1";"1.506"
"1988-07";"M1";"USD1";"1.5615"
"1988-08";"M1";"USD1";"1.5815"
"1988-09";"M1";"USD1";"1.589"
"1988-10";"M1";"USD1";"1.49"
"1988-11";"M1";"USD1";"1.4515"
"1988-12";"M1";"USD1";"1.5095"
"1989-01";"M1";"USD1";"1.5827"
"1989-02";"M1";"USD1";"1.5587"
"1989-03";"M1";"USD1";"1.6565"
"1989-04";"M1";"USD1";"1.6602"
"1989-05";"M1";"USD1";"1.729"
"1989-06";"M1";"USD1";"1.6733"
"1989-07";"M1";"USD1";"1.6115"
"1989-08";"M1";"USD1";"1.6895"
"1989-09";"M1";"USD1";"1.6169"
"1989-10";"M1";"USD1";"1.614"
"1989-11";"M1";"USD1";"1.5915"
"1989-12";"M1";"USD1";"1.548"
"1990-01";"M1";"USD1";"1.4881"
"1990-02";"M1";"USD1";"1.487"
"1990-03";"M1";"USD1";"1.4957"
"1990-04";"M1";"USD1";"1.4588"
"1990-05";"M1";"USD1";"1.4215"
"1990-06";"M1";"USD1";"1.4134"
"1990-07";"M1";"USD1";"1.3613"
"1990-08";"M1";"USD1";"1.296"
"1990-09";"M1";"USD1";"1.298"
"1990-10";"M1";"USD1";"1.2875"
"1990-11";"M1";"USD1";"1.284"
"1990-12";"M1";"USD1";"1.2965"
"1991-01";"M1";"USD1";"1.264"
"1991-02";"M1";"USD1";"1.31"
"1991-03";"M1";"USD1";"1.463"
"1991-04";"M1";"USD1";"1.4683"
"1991-05";"M1";"USD1";"1.4669"
"1991-06";"M1";"USD1";"1.5575"
"1991-07";"M1";"USD1";"1.5235"
"1991-08";"M1";"USD1";"1.5221"
"1991-09";"M1";"USD1";"1.448"
"1991-10";"M1";"USD1";"1.4734"
"1991-11";"M1";"USD1";"1.44"
"1991-12";"M1";"USD1";"1.353"
"1992-01";"M1";"USD1";"1.4345"
"1992-02";"M1";"USD1";"1.483"
"1992-03";"M1";"USD1";"1.4992"
"1992-04";"M1";"USD1";"1.523"
"1992-05";"M1";"USD1";"1.458"
"1992-06";"M1";"USD1";"1.3755"
"1992-07";"M1";"USD1";"1.318"
"1992-08";"M1";"USD1";"1.26"
"1992-09";"M1";"USD1";"1.233"
"1992-10";"M1";"USD1";"1.368"
"1992-11";"M1";"USD1";"1.4491"
"1992-12";"M1";"USD1";"1.4555"
"1993-01";"M1";"USD1";"1.463"
"1993-02";"M1";"USD1";"1.5192"
"1993-03";"M1";"USD1";"1.4951"
"1993-04";"M1";"USD1";"1.4245"
"1993-05";"M1";"USD1";"1.4322"
"1993-06";"M1";"USD1";"1.5018"
"1993-07";"M1";"USD1";"1.5257"
"1993-08";"M1";"USD1";"1.469"
"1993-09";"M1";"USD1";"1.417"
"1993-10";"M1";"USD1";"1.4785"
"1993-11";"M1";"USD1";"1.4898"
"1993-12";"M1";"USD1";"1.4795"
"1994-01";"M1";"USD1";"1.4635"
"1994-02";"M1";"USD1";"1.4295"
"1994-03";"M1";"USD1";"1.4127"
"1994-04";"M1";"USD1";"1.413"
"1994-05";"M1";"USD1";"1.3993"
"1994-06";"M1";"USD1";"1.341"
"1994-07";"M1";"USD1";"1.348"
"1994-08";"M1";"USD1";"1.3295"
"1994-09";"M1";"USD1";"1.2842"
"1994-10";"M1";"USD1";"1.2602"
"1994-11";"M1";"USD1";"1.3309"
"1994-12";"M1";"USD1";"1.3118"
"1995-01";"M1";"USD1";"1.264"
"1995-02";"M1";"USD1";"1.2423"
"1995-03";"M1";"USD1";"1.1515"
"1995-04";"M1";"USD1";"1.1335"
"1995-05";"M1";"USD1";"1.146"
"1995-06";"M1";"USD1";"1.1511"
"1995-07";"M1";"USD1";"1.148"
"1995-08";"M1";"USD1";"1.2055"
"1995-09";"M1";"USD1";"1.1392"
"1995-10";"M1";"USD1";"1.1396"
"1995-11";"M1";"USD1";"1.1625"
"1995-12";"M1";"USD1";"1.152"
"1996-01";"M1";"USD1";"1.2142"
"1996-02";"M1";"USD1";"1.196"
"1996-03";"M1";"USD1";"1.1896"
"1996-04";"M1";"USD1";"1.237"
"1996-05";"M1";"USD1";"1.2595"
"1996-06";"M1";"USD1";"1.2527"
"1996-07";"M1";"USD1";"1.185"
"1996-08";"M1";"USD1";"1.1995"
"1996-09";"M1";"USD1";"1.2571"
"1996-10";"M1";"USD1";"1.2566"
"1996-11";"M1";"USD1";"1.297"
"1996-12";"M1";"USD1";"1.35"
"1997-01";"M1";"USD1";"1.4208"
"1997-02";"M1";"USD1";"1.4765"
"1997-03";"M1";"USD1";"1.4582"
"1997-04";"M1";"USD1";"1.465"
"1997-05";"M1";"USD1";"1.4122"
"1997-06";"M1";"USD1";"1.4533"
"1997-07";"M1";"USD1";"1.5092"
"1997-08";"M1";"USD1";"1.4835"
"1997-09";"M1";"USD1";"1.4566"
"1997-10";"M1";"USD1";"1.409"
"1997-11";"M1";"USD1";"1.426"
"1997-12";"M1";"USD1";"1.4549"
"1998-01";"M1";"USD1";"1.475"
"1998-02";"M1";"USD1";"1.4672"
"1998-03";"M1";"USD1";"1.5245"
"1998-04";"M1";"USD1";"1.4966"
"1998-05";"M1";"USD1";"1.4832"
"1998-06";"M1";"USD1";"1.5242"
"1998-07";"M1";"USD1";"1.4935"
"1998-08";"M1";"USD1";"1.452"
"1998-09";"M1";"USD1";"1.3858"
"1998-10";"M1";"USD1";"1.348"
"1998-11";"M1";"USD1";"1.4079"
"1998-12";"M1";"USD1";"1.3772"
"1999-01";"M1";"USD1";"1.4157"
"1999-02";"M1";"USD1";"1.4421"
"1999-03";"M1";"USD1";"1.4876"
"1999-04";"M1";"USD1";"1.5208"
"1999-05";"M1";"USD1";"1.523"
"1999-06";"M1";"USD1";"1.5494"
"1999-07";"M1";"USD1";"1.4897"
"1999-08";"M1";"USD1";"1.5192"
"1999-09";"M1";"USD1";"1.496"
"1999-10";"M1";"USD1";"1.5242"
"1999-11";"M1";"USD1";"1.5877"
"1999-12";"M1";"USD1";"1.598"
"2000-01";"M1";"USD1";"1.6405"
"2000-02";"M1";"USD1";"1.644"
"2000-03";"M1";"USD1";"1.6626"
"2000-04";"M1";"USD1";"1.7291"
"2000-05";"M1";"USD1";"1.686"
"2000-06";"M1";"USD1";"1.625"
"2000-07";"M1";"USD1";"1.6757"
"2000-08";"M1";"USD1";"1.7323"
"2000-09";"M1";"USD1";"1.73"
"2000-10";"M1";"USD1";"1.8086"
"2000-11";"M1";"USD1";"1.732"
"2000-12";"M1";"USD1";"1.6353"
"2001-01";"M1";"USD1";"1.6427"
"2001-02";"M1";"USD1";"1.6723"
"2001-03";"M1";"USD1";"1.7275"
"2001-04";"M1";"USD1";"1.7251"
"2001-05";"M1";"USD1";"1.796"
"2001-06";"M1";"USD1";"1.796"
"2001-07";"M1";"USD1";"1.7256"
"2001-08";"M1";"USD1";"1.6514"
"2001-09";"M1";"USD1";"1.6133"
"2001-10";"M1";"USD1";"1.6234"
"2001-11";"M1";"USD1";"1.6614"
"2001-12";"M1";"USD1";"1.6782"
"2002-01";"M1";"USD1";"1.7077"
"2002-02";"M1";"USD1";"1.7052"
"2002-03";"M1";"USD1";"1.6806"
"2002-04";"M1";"USD1";"1.6204"
"2002-05";"M1";"USD1";"1.5613"
"2002-06";"M1";"USD1";"1.4835"
"2002-07";"M1";"USD1";"1.4864"
"2002-08";"M1";"USD1";"1.4914"
"2002-09";"M1";"USD1";"1.4885"
"2002-10";"M1";"USD1";"1.4823"
"2002-11";"M1";"USD1";"1.487"
"2002-12";"M1";"USD1";"1.3872"
"2003-01";"M1";"USD1";"1.3562"
"2003-02";"M1";"USD1";"1.3606"
"2003-03";"M1";"USD1";"1.358"
"2003-04";"M1";"USD1";"1.3595"
"2003-05";"M1";"USD1";"1.292"
"2003-06";"M1";"USD1";"1.3561"
"2003-07";"M1";"USD1";"1.3663"
"2003-08";"M1";"USD1";"1.4093"
"2003-09";"M1";"USD1";"1.3192"
"2003-10";"M1";"USD1";"1.331"
"2003-11";"M1";"USD1";"1.2938"
"2003-12";"M1";"USD1";"1.236"
"2004-01";"M1";"USD1";"1.2628"
"2004-02";"M1";"USD1";"1.2678"
"2004-03";"M1";"USD1";"1.2739"
"2004-04";"M1";"USD1";"1.2978"
"2004-05";"M1";"USD1";"1.246"
"2004-06";"M1";"USD1";"1.2612"
"2004-07";"M1";"USD1";"1.2765"
"2004-08";"M1";"USD1";"1.2774"
"2004-09";"M1";"USD1";"1.2605"
"2004-10";"M1";"USD1";"1.1975"
"2004-11";"M1";"USD1";"1.1418"
"2004-12";"M1";"USD1";"1.1319"
"2005-01";"M1";"USD1";"1.1918"
"2005-02";"M1";"USD1";"1.1617"
"2005-03";"M1";"USD1";"1.196"
"2005-04";"M1";"USD1";"1.186"
"2005-05";"M1";"USD1";"1.2452"
"2005-06";"M1";"USD1";"1.2832"
"2005-07";"M1";"USD1";"1.291"
"2005-08";"M1";"USD1";"1.2688"
"2005-09";"M1";"USD1";"1.2942"
"2005-10";"M1";"USD1";"1.2788"
"2005-11";"M1";"USD1";"1.3142"
"2005-12";"M1";"USD1";"1.3152"
"2006-01";"M1";"USD1";"1.2839"
"2006-02";"M1";"USD1";"1.3181"
"2006-03";"M1";"USD1";"1.303"
"2006-04";"M1";"USD1";"1.2555"
"2006-05";"M1";"USD1";"1.2114"
"2006-06";"M1";"USD1";"1.2326"
"2006-07";"M1";"USD1";"1.2327"
"2006-08";"M1";"USD1";"1.2264"
"2006-09";"M1";"USD1";"1.2528"
"2006-10";"M1";"USD1";"1.251"
"2006-11";"M1";"USD1";"1.2061"
"2006-12";"M1";"USD1";"1.2192"
"2007-01";"M1";"USD1";"1.2557"
"2007-02";"M1";"USD1";"1.2222"
"2007-03";"M1";"USD1";"1.2205"
"2007-04";"M1";"USD1";"1.2089"
"2007-05";"M1";"USD1";"1.2253"
"2007-06";"M1";"USD1";"1.2315"
"2007-07";"M1";"USD1";"1.2038"
"2007-08";"M1";"USD1";"1.2059"
"2007-09";"M1";"USD1";"1.1712"
"2007-10";"M1";"USD1";"1.1588"
"2007-11";"M1";"USD1";"1.1203"
"2007-12";"M1";"USD1";"1.1264"
"2008-01";"M1";"USD1";"1.0823"
"2008-02";"M1";"USD1";"1.0483"
"2008-03";"M1";"USD1";"0.9929"
"2008-04";"M1";"USD1";"1.0372"
"2008-05";"M1";"USD1";"1.0514"
"2008-06";"M1";"USD1";"1.0155"
"2008-07";"M1";"USD1";"1.047"
"2008-08";"M1";"USD1";"1.0935"
"2008-09";"M1";"USD1";"1.0986"
"2008-10";"M1";"USD1";"1.1489"
"2008-11";"M1";"USD1";"1.2026"
"2008-12";"M1";"USD1";"1.0562"
"2009-01";"M1";"USD1";"1.1552"
"2009-02";"M1";"USD1";"1.1722"
"2009-03";"M1";"USD1";"1.1415"
"2009-04";"M1";"USD1";"1.1306"
"2009-05";"M1";"USD1";"1.0808"
"2009-06";"M1";"USD1";"1.0815"
"2009-07";"M1";"USD1";"1.0883"
"2009-08";"M1";"USD1";"1.0618"
"2009-09";"M1";"USD1";"1.0327"
"2009-10";"M1";"USD1";"1.0178"
"2009-11";"M1";"USD1";"1.0018"
"2009-12";"M1";"USD1";"1.0293"
"2010-01";"M1";"USD1";"1.0504"
"2010-02";"M1";"USD1";"1.0772"
"2010-03";"M1";"USD1";"1.0646"
"2010-04";"M1";"USD1";"1.0793"
"2010-05";"M1";"USD1";"1.1564"
"2010-06";"M1";"USD1";"1.081"
"2010-07";"M1";"USD1";"1.0378"
"2010-08";"M1";"USD1";"1.0203"
"2010-09";"M1";"USD1";"0.9772"
"2010-10";"M1";"USD1";"0.989"
"2010-11";"M1";"USD1";"0.9987"
"2010-12";"M1";"USD1";"0.9366"
"2011-01";"M1";"USD1";"0.9427"
"2011-02";"M1";"USD1";"0.9261"
"2011-03";"M1";"USD1";"0.91544"
"2011-04";"M1";"USD1";"0.86892"
"2011-05";"M1";"USD1";"0.85053"
"2011-06";"M1";"USD1";"0.83409"
"2011-07";"M1";"USD1";"0.80174"
"2011-08";"M1";"USD1";"0.8118"
"2011-09";"M1";"USD1";"0.9006"
"2011-10";"M1";"USD1";"0.8711"
"2011-11";"M1";"USD1";"0.9226"
"2011-12";"M1";"USD1";"0.9403"
"2012-01";"M1";"USD1";"0.9138"
"2012-02";"M1";"USD1";"0.8955"
"2012-03";"M1";"USD1";"0.903"
"2012-04";"M1";"USD1";"0.9073"
"2012-05";"M1";"USD1";"0.9675"
"2012-06";"M1";"USD1";"0.9555"
"2012-07";"M1";"USD1";"0.9796"
"2012-08";"M1";"USD1";"0.9579"
"2012-09";"M1";"USD1";"0.9351"
"2012-10";"M1";"USD1";"0.9287"
"2012-11";"M1";"USD1";"0.925"
"2012-12";"M1";"USD1";"0.9153"
"2013-01";"M1";"USD1";"0.9109"
"2013-02";"M1";"USD1";"0.9298"
"2013-03";"M1";"USD1";"0.9495"
"2013-04";"M1";"USD1";"0.9379"
"2013-05";"M1";"USD1";"0.954"
"2013-06";"M1";"USD1";"0.9463"
"2013-07";"M1";"USD1";"0.9263"
"2013-08";"M1";"USD1";"0.9302"
"2013-09";"M1";"USD1";"0.9052"
"2013-10";"M1";"USD1";"0.9001"
"2013-11";"M1";"USD1";"0.9051"
"2013-12";"M1";"USD1";"0.8908"
"2014-01";"M1";"USD1";"0.9034"
"2014-02";"M1";"USD1";"0.8857"
"2014-03";"M1";"USD1";"0.8869"
"2014-04";"M1";"USD1";"0.8839"
"2014-05";"M1";"USD1";"0.8974"
"2014-06";"M1";"USD1";"0.89"
"2014-07";"M1";"USD1";"0.9082"
"2014-08";"M1";"USD1";"0.9151"
"2014-09";"M1";"USD1";"0.9534"
"2014-10";"M1";"USD1";"0.9598"
"2014-11";"M1";"USD1";"0.9665"
"2014-12";"M1";"USD1";"0.9894"
"2015-01";"M1";"USD1";"0.9231"
"2015-02";"M1";"USD1";"0.9502"
"2015-03";"M1";"USD1";"0.9744"
"2015-04";"M1";"USD1";"0.9361"
"2015-05";"M1";"USD1";"0.9435"
"2015-06";"M1";"USD1";"0.9314"
"2015-07";"M1";"USD1";"0.9632"
"2015-08";"M1";"USD1";"0.9625"
"2015-09";"M1";"USD1";"0.9734"
"2015-10";"M1";"USD1";"0.9873"
"2015-11";"M1";"USD1";"1.0309"
"2015-12";"M1";"USD1";"0.9903"
"2016-01";"M1";"USD1";"1.0193"
"2016-02";"M1";"USD1";"0.9998"
"2016-03";"M1";"USD1";"0.9631"
"2016-04";"M1";"USD1";"0.9628"
"2016-05";"M1";"USD1";"0.9914"
"2016-06";"M1";"USD1";"0.9793"
"2016-07";"M1";"USD1";"0.9774"
"2016-08";"M1";"USD1";"0.9826"
"2016-09";"M1";"USD1";"0.9684"
"2016-10";"M1";"USD1";"0.9884"
"2016-11";"M1";"USD1";"1.0128"
"2016-12";"M1";"USD1";"1.016"
"2017-01";"M1";"USD1";"0.9954"
"2017-02";"M1";"USD1";"1.0062"
"2017-03";"M1";"USD1";"1.0001"
"2017-04";"M1";"USD1";"0.9934"
"2017-05";"M1";"USD1";"0.974"
"2017-06";"M1";"USD1";"0.9586"
"2017-07";"M1";"USD1";"0.9701"
"2017-08";"M1";"USD1";"0.964"
"2017-09";"M1";"USD1";"0.9709"
"2017-10";"M1";"USD1";"0.9978"
"2017-11";"M1";"USD1";"0.9869"
"2017-12";"M1";"USD1";"0.9753"
"2018-01";"M1";"USD1";"0.932"
"2018-02";"M1";"USD1";"0.9427"
"2018-03";"M1";"USD1";"0.9531"
"2018-04";"M1";"USD1";"0.9896"
"2018-05";"M1";"USD1";"0.98715"
"2018-06";"M1";"USD1";"0.99325"
"2018-07";"M1";"USD1";"0.98775"
"2018-08";"M1";"USD1";"0.9678"
"2018-09";"M1";"USD1";"0.97725"
"2018-10";"M1";"USD1";"1.0059"
"2018-11";"M1";"USD1";"0.996"
"2018-12";"M1";"USD1";"0.985"
"2019-01";"M1";"USD1";"0.99295"
"2019-02";"M1";"USD1";"0.99595"
"2019-03";"M1";"USD1";"0.996"
"2019-04";"M1";"USD1";"1.01825"
"2019-05";"M1";"USD1";"1.0053"
"2019-06";"M1";"USD1";"0.974"
"2019-07";"M1";"USD1";"0.99055"
"2019-08";"M1";"USD1";"0.9886"
"2019-09";"M1";"USD1";"0.99305"
"2019-10";"M1";"USD1";"0.98685"
"2019-11";"M1";"USD1";"0.99965"
"2019-12";"M1";"USD1";"0.96825"
"2020-01";"M1";"USD1";"0.97025"
"2020-02";"M1";"USD1";"0.9637"
"2020-03";"M1";"USD1";"0.96405"
"2020-04";"M1";"USD1";"0.97115"
"2020-05";"M1";"USD1";"0.96175"
"2020-06";"M1";"USD1";"0.95175"
"2020-07";"M1";"USD1";"0.90785"
"2020-08";"M1";"USD1";"0.9031"
"2020-09";"M1";"USD1";"0.923"
"2020-10";"M1";"USD1";"0.9159"
"2020-11";"M1";"USD1";"0.9031"
"2020-12";"M1";"USD1";"0.8812"
"2021-01";"M1";"USD1";"0.88945"
"2021-02";"M1";"USD1";"0.90415"
"2021-03";"M1";"USD1";"0.94195"
"2021-04";"M1";"USD1";"0.90945"
"2021-05";"M1";"USD1";"0.8999"
"2021-06";"M1";"USD1";"0.9229"
"2021-07";"M1";"USD1";"0.9051"
"2021-08";"M1";"USD1";"0.91445"
"2021-09";"M1";"USD1";"0.9345"
"2021-10";"M1";"USD1";"0.91175"
"2021-11";"M1";"USD1";"0.91825"
"2021-12";"M1";"USD1";"0.9127"
"2022-01";"M1";"USD1";"0.93185"
"2022-02";"M1";"USD1";"0.92265"
"2022-03";"M1";"USD1";"0.925"
"2022-04";"M1";"USD1";"0.96895"
"2022-05";"M1";"USD1";"0.96115"
"2022-06";"M1";"USD1";"0.9557"
"2022-07";"M1";"USD1";"0.9526"
"2022-08";"M1";"USD1";"0.9771"
"2022-09";"M1";"USD1";"0.9762"
"2022-10";"M1";"USD1";"0.9992"
"2022-11";"M1";"USD1";"0.9506"
"2022-12";"M1";"USD1";"0.92325"
"2023-01";"M1";"USD1";"0.92665"
"2023-02";"M1";"USD1";"0.93785"
"2023-03";"M1";"USD1";"0.91625"
"2023-04";"M1";"USD1";"0.896"
"2023-05";"M1";"USD1";"0.91135"
"2023-06";"M1";"USD1";"0.90105"
"2023-07";"M1";"USD1";"0.8707"
"2023-08";"M1";"USD1";"0.8808"
"2023-09";"M1";"USD1";"0.90965"
"2023-10";"M1";"USD1";"0.9019"
"2023-11";"M1";"USD1";"0.87485"
"2023-12";"M1";"USD1";"0.84005"
"2024-01";"M1";"USD1";"0.8629"
"2024-02";"M1";"USD1";"0.8781"
"2024-03";"M1";"USD1";"0.9062"
"2024-04";"M1";"USD1";"0.9125"
"2024-05";"M1";"USD1";"0.9059"
"2024-06";"M1";"USD1";"0.8997"
"2024-07";"M1";"USD1";"0.8812"
"2024-08";"M1";"USD1";"0.8485"
"2024-09";"M1";"USD1";"0.8433"
"2024-10";"M1";"USD1";"0.8653"
"2024-11";"M1";"USD1";"0.8811"
"2024-12";"M1";"USD1";"0.9038"
"2025-01";"M1";"USD1";"0.91075"
"2025-02";"M1";"USD1";"0.9019"
"2025-03";"M1";"USD1";"0.8807"
"2025-04";"M1";"USD1";"0.8256"
"2025-05";"M1";"USD1";"0.824"
"2025-06";"M1";"USD1";"0.7977"
"2025-07";"M1";"USD1";"0.8129"
"2025-08";"M1";"USD1";"0.8007"
"2025-09";"M1";"USD1";"0.7961"
"2025-10";"M1";"USD1";"0.8017"
